﻿<?xml version="1.0" encoding="utf-8"?>
<rdf:RDF xmlns:rdf="http://www.w3.org/1999/02/22-rdf-syntax-ns#" xmlns:cim="http://iec.ch/TC57/2013/CIM-schema-cim16#" xmlns:pti="http://www.pti-us.com/PTI_CIM-schema-cim16#" xmlns:entsoe="http://entsoe.eu/CIM/SchemaExtension/3/1#" xmlns:md="http://iec.ch/TC57/61970-552/ModelDescription/1#">
  <md:FullModel rdf:about="urn:uuid:7039394d-9562-11e7-9e89-b46d83638f70">
    <md:Model.created>2017-09-09T13:28:03</md:Model.created>
    <md:Model.scenarioTime>2017-01-01T00:00:00</md:Model.scenarioTime>
    <pti:Model.createdBy>Siemens PTI PSS®ODMS</pti:Model.createdBy>
    <md:Model.version>0</md:Model.version>
    <md:Model.description />
    <md:Model.modelingAuthoritySet>http://www.pti-us.com/IEEE_9bus</md:Model.modelingAuthoritySet>
    <md:Model.profile>http://entsoe.eu/CIM/Topology/4/1</md:Model.profile>
    <md:Model.DependentOn rdf:resource="urn:uuid:7039394b-9562-11e7-9e89-b46d83638f70" />
  </md:FullModel>
  <cim:ConnectivityNode rdf:about="#_70393953-9562-11e7-9e89-b46d83638f70">
    <cim:ConnectivityNode.TopologicalNode rdf:resource="#_70393955-9562-11e7-9e89-b46d83638f70" />
  </cim:ConnectivityNode>
  <cim:ConnectivityNode rdf:about="#_7039396e-9562-11e7-9e89-b46d83638f70">
    <cim:ConnectivityNode.TopologicalNode rdf:resource="#_70393970-9562-11e7-9e89-b46d83638f70" />
  </cim:ConnectivityNode>
  <cim:ConnectivityNode rdf:about="#_70393980-9562-11e7-9e89-b46d83638f70">
    <cim:ConnectivityNode.TopologicalNode rdf:resource="#_70393982-9562-11e7-9e89-b46d83638f70" />
  </cim:ConnectivityNode>
  <cim:ConnectivityNode rdf:about="#_7039398e-9562-11e7-9e89-b46d83638f70">
    <cim:ConnectivityNode.TopologicalNode rdf:resource="#_70393990-9562-11e7-9e89-b46d83638f70" />
  </cim:ConnectivityNode>
  <cim:ConnectivityNode rdf:about="#_7039399b-9562-11e7-9e89-b46d83638f70">
    <cim:ConnectivityNode.TopologicalNode rdf:resource="#_7039399d-9562-11e7-9e89-b46d83638f70" />
  </cim:ConnectivityNode>
  <cim:ConnectivityNode rdf:about="#_703939a9-9562-11e7-9e89-b46d83638f70">
    <cim:ConnectivityNode.TopologicalNode rdf:resource="#_703939ab-9562-11e7-9e89-b46d83638f70" />
  </cim:ConnectivityNode>
  <cim:ConnectivityNode rdf:about="#_703939b6-9562-11e7-9e89-b46d83638f70">
    <cim:ConnectivityNode.TopologicalNode rdf:resource="#_703939b8-9562-11e7-9e89-b46d83638f70" />
  </cim:ConnectivityNode>
  <cim:ConnectivityNode rdf:about="#_703939c2-9562-11e7-9e89-b46d83638f70">
    <cim:ConnectivityNode.TopologicalNode rdf:resource="#_703939c4-9562-11e7-9e89-b46d83638f70" />
  </cim:ConnectivityNode>
  <cim:ConnectivityNode rdf:about="#_703939cf-9562-11e7-9e89-b46d83638f70">
    <cim:ConnectivityNode.TopologicalNode rdf:resource="#_703939d1-9562-11e7-9e89-b46d83638f70" />
  </cim:ConnectivityNode>
  <cim:Terminal rdf:about="#_70393952-9562-11e7-9e89-b46d83638f70">
    <cim:Terminal.TopologicalNode rdf:resource="#_70393955-9562-11e7-9e89-b46d83638f70" />
  </cim:Terminal>
  <cim:Terminal rdf:about="#_7039396d-9562-11e7-9e89-b46d83638f70">
    <cim:Terminal.TopologicalNode rdf:resource="#_70393970-9562-11e7-9e89-b46d83638f70" />
  </cim:Terminal>
  <cim:Terminal rdf:about="#_7039397f-9562-11e7-9e89-b46d83638f70">
    <cim:Terminal.TopologicalNode rdf:resource="#_70393982-9562-11e7-9e89-b46d83638f70" />
  </cim:Terminal>
  <cim:Terminal rdf:about="#_7039398d-9562-11e7-9e89-b46d83638f70">
    <cim:Terminal.TopologicalNode rdf:resource="#_70393990-9562-11e7-9e89-b46d83638f70" />
  </cim:Terminal>
  <cim:Terminal rdf:about="#_7039399a-9562-11e7-9e89-b46d83638f70">
    <cim:Terminal.TopologicalNode rdf:resource="#_7039399d-9562-11e7-9e89-b46d83638f70" />
  </cim:Terminal>
  <cim:Terminal rdf:about="#_703939a8-9562-11e7-9e89-b46d83638f70">
    <cim:Terminal.TopologicalNode rdf:resource="#_703939ab-9562-11e7-9e89-b46d83638f70" />
  </cim:Terminal>
  <cim:Terminal rdf:about="#_703939b5-9562-11e7-9e89-b46d83638f70">
    <cim:Terminal.TopologicalNode rdf:resource="#_703939b8-9562-11e7-9e89-b46d83638f70" />
  </cim:Terminal>
  <cim:Terminal rdf:about="#_703939c1-9562-11e7-9e89-b46d83638f70">
    <cim:Terminal.TopologicalNode rdf:resource="#_703939c4-9562-11e7-9e89-b46d83638f70" />
  </cim:Terminal>
  <cim:Terminal rdf:about="#_703939ce-9562-11e7-9e89-b46d83638f70">
    <cim:Terminal.TopologicalNode rdf:resource="#_703939d1-9562-11e7-9e89-b46d83638f70" />
  </cim:Terminal>
  <cim:Terminal rdf:about="#_703939dc-9562-11e7-9e89-b46d83638f70">
    <cim:Terminal.TopologicalNode rdf:resource="#_7039399d-9562-11e7-9e89-b46d83638f70" />
  </cim:Terminal>
  <cim:Terminal rdf:about="#_703939e2-9562-11e7-9e89-b46d83638f70">
    <cim:Terminal.TopologicalNode rdf:resource="#_703939ab-9562-11e7-9e89-b46d83638f70" />
  </cim:Terminal>
  <cim:Terminal rdf:about="#_703939e8-9562-11e7-9e89-b46d83638f70">
    <cim:Terminal.TopologicalNode rdf:resource="#_703939c4-9562-11e7-9e89-b46d83638f70" />
  </cim:Terminal>
  <cim:Terminal rdf:about="#_703939f1-9562-11e7-9e89-b46d83638f70">
    <cim:Terminal.TopologicalNode rdf:resource="#_70393955-9562-11e7-9e89-b46d83638f70" />
  </cim:Terminal>
  <cim:Terminal rdf:about="#_703939fa-9562-11e7-9e89-b46d83638f70">
    <cim:Terminal.TopologicalNode rdf:resource="#_70393970-9562-11e7-9e89-b46d83638f70" />
  </cim:Terminal>
  <cim:Terminal rdf:about="#_70393a03-9562-11e7-9e89-b46d83638f70">
    <cim:Terminal.TopologicalNode rdf:resource="#_70393982-9562-11e7-9e89-b46d83638f70" />
  </cim:Terminal>
  <cim:Terminal rdf:about="#_70393a06-9562-11e7-9e89-b46d83638f70">
    <cim:Terminal.TopologicalNode rdf:resource="#_70393990-9562-11e7-9e89-b46d83638f70" />
  </cim:Terminal>
  <cim:Terminal rdf:about="#_70393a07-9562-11e7-9e89-b46d83638f70">
    <cim:Terminal.TopologicalNode rdf:resource="#_7039399d-9562-11e7-9e89-b46d83638f70" />
  </cim:Terminal>
  <cim:Terminal rdf:about="#_70393a12-9562-11e7-9e89-b46d83638f70">
    <cim:Terminal.TopologicalNode rdf:resource="#_70393990-9562-11e7-9e89-b46d83638f70" />
  </cim:Terminal>
  <cim:Terminal rdf:about="#_70393a13-9562-11e7-9e89-b46d83638f70">
    <cim:Terminal.TopologicalNode rdf:resource="#_703939ab-9562-11e7-9e89-b46d83638f70" />
  </cim:Terminal>
  <cim:Terminal rdf:about="#_70393a1e-9562-11e7-9e89-b46d83638f70">
    <cim:Terminal.TopologicalNode rdf:resource="#_7039399d-9562-11e7-9e89-b46d83638f70" />
  </cim:Terminal>
  <cim:Terminal rdf:about="#_70393a1f-9562-11e7-9e89-b46d83638f70">
    <cim:Terminal.TopologicalNode rdf:resource="#_703939b8-9562-11e7-9e89-b46d83638f70" />
  </cim:Terminal>
  <cim:Terminal rdf:about="#_70393a2a-9562-11e7-9e89-b46d83638f70">
    <cim:Terminal.TopologicalNode rdf:resource="#_703939ab-9562-11e7-9e89-b46d83638f70" />
  </cim:Terminal>
  <cim:Terminal rdf:about="#_70393a2b-9562-11e7-9e89-b46d83638f70">
    <cim:Terminal.TopologicalNode rdf:resource="#_703939d1-9562-11e7-9e89-b46d83638f70" />
  </cim:Terminal>
  <cim:Terminal rdf:about="#_70393a36-9562-11e7-9e89-b46d83638f70">
    <cim:Terminal.TopologicalNode rdf:resource="#_703939b8-9562-11e7-9e89-b46d83638f70" />
  </cim:Terminal>
  <cim:Terminal rdf:about="#_70393a37-9562-11e7-9e89-b46d83638f70">
    <cim:Terminal.TopologicalNode rdf:resource="#_703939c4-9562-11e7-9e89-b46d83638f70" />
  </cim:Terminal>
  <cim:Terminal rdf:about="#_70393a42-9562-11e7-9e89-b46d83638f70">
    <cim:Terminal.TopologicalNode rdf:resource="#_703939c4-9562-11e7-9e89-b46d83638f70" />
  </cim:Terminal>
  <cim:Terminal rdf:about="#_70393a43-9562-11e7-9e89-b46d83638f70">
    <cim:Terminal.TopologicalNode rdf:resource="#_703939d1-9562-11e7-9e89-b46d83638f70" />
  </cim:Terminal>
  <cim:Terminal rdf:about="#_70393a4f-9562-11e7-9e89-b46d83638f70">
    <cim:Terminal.TopologicalNode rdf:resource="#_70393955-9562-11e7-9e89-b46d83638f70" />
  </cim:Terminal>
  <cim:Terminal rdf:about="#_70393a54-9562-11e7-9e89-b46d83638f70">
    <cim:Terminal.TopologicalNode rdf:resource="#_70393990-9562-11e7-9e89-b46d83638f70" />
  </cim:Terminal>
  <cim:Terminal rdf:about="#_70393a58-9562-11e7-9e89-b46d83638f70">
    <cim:Terminal.TopologicalNode rdf:resource="#_70393970-9562-11e7-9e89-b46d83638f70" />
  </cim:Terminal>
  <cim:Terminal rdf:about="#_70393a5d-9562-11e7-9e89-b46d83638f70">
    <cim:Terminal.TopologicalNode rdf:resource="#_703939b8-9562-11e7-9e89-b46d83638f70" />
  </cim:Terminal>
  <cim:Terminal rdf:about="#_70393a61-9562-11e7-9e89-b46d83638f70">
    <cim:Terminal.TopologicalNode rdf:resource="#_703939d1-9562-11e7-9e89-b46d83638f70" />
  </cim:Terminal>
  <cim:Terminal rdf:about="#_70393a66-9562-11e7-9e89-b46d83638f70">
    <cim:Terminal.TopologicalNode rdf:resource="#_70393982-9562-11e7-9e89-b46d83638f70" />
  </cim:Terminal>
  <cim:TopologicalNode rdf:ID="_70393955-9562-11e7-9e89-b46d83638f70">
    <cim:TopologicalNode.BaseVoltage rdf:resource="#_7039395b-9562-11e7-9e89-b46d83638f70" />
    <cim:TopologicalNode.ConnectivityNodeContainer rdf:resource="#_7039395a-9562-11e7-9e89-b46d83638f70" />
    <cim:TopologicalNode.ReportingGroup rdf:resource="#_7039395c-9562-11e7-9e89-b46d83638f70" />
    <pti:TopologicalNode.OperatingParticipant rdf:resource="#_7039395d-9562-11e7-9e89-b46d83638f70" />
    <pti:TopologicalNode.IDE>2</pti:TopologicalNode.IDE>
    <cim:IdentifiedObject.description>BUS1</cim:IdentifiedObject.description>
    <cim:IdentifiedObject.name>BUS1</cim:IdentifiedObject.name>
    <pti:Resources.PSSEID>1</pti:Resources.PSSEID>
    <pti:Resources.PSSEStatus>1</pti:Resources.PSSEStatus>
  </cim:TopologicalNode>
  <cim:TopologicalNode rdf:ID="_70393970-9562-11e7-9e89-b46d83638f70">
    <cim:TopologicalNode.BaseVoltage rdf:resource="#_70393976-9562-11e7-9e89-b46d83638f70" />
    <cim:TopologicalNode.ConnectivityNodeContainer rdf:resource="#_70393975-9562-11e7-9e89-b46d83638f70" />
    <cim:TopologicalNode.ReportingGroup rdf:resource="#_70393977-9562-11e7-9e89-b46d83638f70" />
    <pti:TopologicalNode.OperatingParticipant rdf:resource="#_7039395d-9562-11e7-9e89-b46d83638f70" />
    <pti:TopologicalNode.IDE>2</pti:TopologicalNode.IDE>
    <cim:IdentifiedObject.description>BUS2</cim:IdentifiedObject.description>
    <cim:IdentifiedObject.name>BUS2</cim:IdentifiedObject.name>
    <pti:Resources.PSSEID>2</pti:Resources.PSSEID>
    <pti:Resources.PSSEStatus>1</pti:Resources.PSSEStatus>
  </cim:TopologicalNode>
  <cim:TopologicalNode rdf:ID="_70393982-9562-11e7-9e89-b46d83638f70">
    <cim:TopologicalNode.BaseVoltage rdf:resource="#_70393984-9562-11e7-9e89-b46d83638f70" />
    <cim:TopologicalNode.ConnectivityNodeContainer rdf:resource="#_70393983-9562-11e7-9e89-b46d83638f70" />
    <cim:TopologicalNode.ReportingGroup rdf:resource="#_70393985-9562-11e7-9e89-b46d83638f70" />
    <pti:TopologicalNode.OperatingParticipant rdf:resource="#_7039395d-9562-11e7-9e89-b46d83638f70" />
    <pti:TopologicalNode.IDE>2</pti:TopologicalNode.IDE>
    <cim:IdentifiedObject.description>BUS3</cim:IdentifiedObject.description>
    <cim:IdentifiedObject.name>BUS3</cim:IdentifiedObject.name>
    <pti:Resources.PSSEID>3</pti:Resources.PSSEID>
    <pti:Resources.PSSEStatus>1</pti:Resources.PSSEStatus>
  </cim:TopologicalNode>
  <cim:TopologicalNode rdf:ID="_70393990-9562-11e7-9e89-b46d83638f70">
    <cim:TopologicalNode.BaseVoltage rdf:resource="#_70393992-9562-11e7-9e89-b46d83638f70" />
    <cim:TopologicalNode.ConnectivityNodeContainer rdf:resource="#_70393991-9562-11e7-9e89-b46d83638f70" />
    <cim:TopologicalNode.ReportingGroup rdf:resource="#_7039395c-9562-11e7-9e89-b46d83638f70" />
    <pti:TopologicalNode.OperatingParticipant rdf:resource="#_7039395d-9562-11e7-9e89-b46d83638f70" />
    <pti:TopologicalNode.IDE>1</pti:TopologicalNode.IDE>
    <cim:IdentifiedObject.description>BUS4</cim:IdentifiedObject.description>
    <cim:IdentifiedObject.name>BUS4</cim:IdentifiedObject.name>
    <pti:Resources.PSSEID>4</pti:Resources.PSSEID>
    <pti:Resources.PSSEStatus>1</pti:Resources.PSSEStatus>
  </cim:TopologicalNode>
  <cim:TopologicalNode rdf:ID="_7039399d-9562-11e7-9e89-b46d83638f70">
    <cim:TopologicalNode.BaseVoltage rdf:resource="#_70393992-9562-11e7-9e89-b46d83638f70" />
    <cim:TopologicalNode.ConnectivityNodeContainer rdf:resource="#_7039399e-9562-11e7-9e89-b46d83638f70" />
    <cim:TopologicalNode.ReportingGroup rdf:resource="#_7039399f-9562-11e7-9e89-b46d83638f70" />
    <pti:TopologicalNode.OperatingParticipant rdf:resource="#_703939a0-9562-11e7-9e89-b46d83638f70" />
    <pti:TopologicalNode.IDE>1</pti:TopologicalNode.IDE>
    <cim:IdentifiedObject.description>BUS5</cim:IdentifiedObject.description>
    <cim:IdentifiedObject.name>BUS5</cim:IdentifiedObject.name>
    <pti:Resources.PSSEID>5</pti:Resources.PSSEID>
    <pti:Resources.PSSEStatus>1</pti:Resources.PSSEStatus>
  </cim:TopologicalNode>
  <cim:TopologicalNode rdf:ID="_703939ab-9562-11e7-9e89-b46d83638f70">
    <cim:TopologicalNode.BaseVoltage rdf:resource="#_70393992-9562-11e7-9e89-b46d83638f70" />
    <cim:TopologicalNode.ConnectivityNodeContainer rdf:resource="#_703939ac-9562-11e7-9e89-b46d83638f70" />
    <cim:TopologicalNode.ReportingGroup rdf:resource="#_703939ad-9562-11e7-9e89-b46d83638f70" />
    <pti:TopologicalNode.OperatingParticipant rdf:resource="#_703939a0-9562-11e7-9e89-b46d83638f70" />
    <pti:TopologicalNode.IDE>1</pti:TopologicalNode.IDE>
    <cim:IdentifiedObject.description>BUS6</cim:IdentifiedObject.description>
    <cim:IdentifiedObject.name>BUS6</cim:IdentifiedObject.name>
    <pti:Resources.PSSEID>6</pti:Resources.PSSEID>
    <pti:Resources.PSSEStatus>1</pti:Resources.PSSEStatus>
  </cim:TopologicalNode>
  <cim:TopologicalNode rdf:ID="_703939b8-9562-11e7-9e89-b46d83638f70">
    <cim:TopologicalNode.BaseVoltage rdf:resource="#_70393992-9562-11e7-9e89-b46d83638f70" />
    <cim:TopologicalNode.ConnectivityNodeContainer rdf:resource="#_703939b9-9562-11e7-9e89-b46d83638f70" />
    <cim:TopologicalNode.ReportingGroup rdf:resource="#_70393977-9562-11e7-9e89-b46d83638f70" />
    <pti:TopologicalNode.OperatingParticipant rdf:resource="#_7039395d-9562-11e7-9e89-b46d83638f70" />
    <pti:TopologicalNode.IDE>1</pti:TopologicalNode.IDE>
    <cim:IdentifiedObject.description>BUS7</cim:IdentifiedObject.description>
    <cim:IdentifiedObject.name>BUS7</cim:IdentifiedObject.name>
    <pti:Resources.PSSEID>7</pti:Resources.PSSEID>
    <pti:Resources.PSSEStatus>1</pti:Resources.PSSEStatus>
  </cim:TopologicalNode>
  <cim:TopologicalNode rdf:ID="_703939c4-9562-11e7-9e89-b46d83638f70">
    <cim:TopologicalNode.BaseVoltage rdf:resource="#_70393992-9562-11e7-9e89-b46d83638f70" />
    <cim:TopologicalNode.ConnectivityNodeContainer rdf:resource="#_703939c5-9562-11e7-9e89-b46d83638f70" />
    <cim:TopologicalNode.ReportingGroup rdf:resource="#_703939c6-9562-11e7-9e89-b46d83638f70" />
    <pti:TopologicalNode.OperatingParticipant rdf:resource="#_703939a0-9562-11e7-9e89-b46d83638f70" />
    <pti:TopologicalNode.IDE>1</pti:TopologicalNode.IDE>
    <cim:IdentifiedObject.description>BUS8</cim:IdentifiedObject.description>
    <cim:IdentifiedObject.name>BUS8</cim:IdentifiedObject.name>
    <pti:Resources.PSSEID>8</pti:Resources.PSSEID>
    <pti:Resources.PSSEStatus>1</pti:Resources.PSSEStatus>
  </cim:TopologicalNode>
  <cim:TopologicalNode rdf:ID="_703939d1-9562-11e7-9e89-b46d83638f70">
    <cim:TopologicalNode.BaseVoltage rdf:resource="#_70393992-9562-11e7-9e89-b46d83638f70" />
    <cim:TopologicalNode.ConnectivityNodeContainer rdf:resource="#_703939d2-9562-11e7-9e89-b46d83638f70" />
    <cim:TopologicalNode.ReportingGroup rdf:resource="#_70393985-9562-11e7-9e89-b46d83638f70" />
    <pti:TopologicalNode.OperatingParticipant rdf:resource="#_7039395d-9562-11e7-9e89-b46d83638f70" />
    <pti:TopologicalNode.IDE>1</pti:TopologicalNode.IDE>
    <cim:IdentifiedObject.description>BUS9</cim:IdentifiedObject.description>
    <cim:IdentifiedObject.name>BUS9</cim:IdentifiedObject.name>
    <pti:Resources.PSSEID>9</pti:Resources.PSSEID>
    <pti:Resources.PSSEStatus>1</pti:Resources.PSSEStatus>
  </cim:TopologicalNode>
</rdf:RDF>