﻿<?xml version="1.0" encoding="utf-8"?>
<rdf:RDF xmlns:rdf="http://www.w3.org/1999/02/22-rdf-syntax-ns#" xmlns:cim="http://iec.ch/TC57/2013/CIM-schema-cim16#" xmlns:pti="http://www.pti-us.com/PTI_CIM-schema-cim16#" xmlns:entsoe="http://entsoe.eu/CIM/SchemaExtension/3/1#" xmlns:md="http://iec.ch/TC57/61970-552/ModelDescription/1#">
  <md:FullModel rdf:about="urn:uuid:b2a49896-9562-11e7-9e89-b46d83638f70">
    <md:Model.created>2017-09-09T13:28:05</md:Model.created>
    <md:Model.scenarioTime>0001-01-01T00:00:00</md:Model.scenarioTime>
    <pti:Model.createdBy>Siemens PTI PSS®ODMS</pti:Model.createdBy>
    <md:Model.version>1</md:Model.version>
    <md:Model.description />
    <md:Model.profile>http://entsoe.eu/CIM/StateVariables/4/1</md:Model.profile>
    <md:Model.DependentOn rdf:resource="urn:uuid:7039394d-9562-11e7-9e89-b46d83638f70" />
    <md:Model.DependentOn rdf:resource="urn:uuid:7039394b-9562-11e7-9e89-b46d83638f70" />
  </md:FullModel>
  <cim:SvPowerFlow rdf:ID="_703939de-9562-11e7-9e89-b46d83638f70">
    <cim:SvPowerFlow.Terminal rdf:resource="#_703939dc-9562-11e7-9e89-b46d83638f70" />
    <cim:SvPowerFlow.p>124.7774325</cim:SvPowerFlow.p>
    <cim:SvPowerFlow.q>49.8217996045</cim:SvPowerFlow.q>
  </cim:SvPowerFlow>
  <cim:SvPowerFlow rdf:ID="_703939e4-9562-11e7-9e89-b46d83638f70">
    <cim:SvPowerFlow.Terminal rdf:resource="#_703939e2-9562-11e7-9e89-b46d83638f70" />
    <cim:SvPowerFlow.p>89.84468076</cim:SvPowerFlow.p>
    <cim:SvPowerFlow.q>29.8968479805</cim:SvPowerFlow.q>
  </cim:SvPowerFlow>
  <cim:SvPowerFlow rdf:ID="_703939ea-9562-11e7-9e89-b46d83638f70">
    <cim:SvPowerFlow.Terminal rdf:resource="#_703939e8-9562-11e7-9e89-b46d83638f70" />
    <cim:SvPowerFlow.p>99.7993341</cim:SvPowerFlow.p>
    <cim:SvPowerFlow.q>34.8591930416</cim:SvPowerFlow.q>
  </cim:SvPowerFlow>
  <cim:SvPowerFlow rdf:ID="_703939f2-9562-11e7-9e89-b46d83638f70">
    <cim:SvPowerFlow.Terminal rdf:resource="#_703939f1-9562-11e7-9e89-b46d83638f70" />
    <cim:SvPowerFlow.p>-71.417</cim:SvPowerFlow.p>
    <cim:SvPowerFlow.q>-25.931</cim:SvPowerFlow.q>
  </cim:SvPowerFlow>
  <cim:SvPowerFlow rdf:ID="_703939fb-9562-11e7-9e89-b46d83638f70">
    <cim:SvPowerFlow.Terminal rdf:resource="#_703939fa-9562-11e7-9e89-b46d83638f70" />
    <cim:SvPowerFlow.p>-162.73</cim:SvPowerFlow.p>
    <cim:SvPowerFlow.q>-8.689</cim:SvPowerFlow.q>
  </cim:SvPowerFlow>
  <cim:SvPowerFlow rdf:ID="_70393a04-9562-11e7-9e89-b46d83638f70">
    <cim:SvPowerFlow.Terminal rdf:resource="#_70393a03-9562-11e7-9e89-b46d83638f70" />
    <cim:SvPowerFlow.p>-84.892</cim:SvPowerFlow.p>
    <cim:SvPowerFlow.q>12.455</cim:SvPowerFlow.q>
  </cim:SvPowerFlow>
  <cim:SvTapStep rdf:ID="_70393a53-9562-11e7-9e89-b46d83638f70">
    <cim:SvTapStep.TapChanger rdf:resource="#_70393a52-9562-11e7-9e89-b46d83638f70" />
    <cim:SvTapStep.position>17</cim:SvTapStep.position>
  </cim:SvTapStep>
  <cim:SvTapStep rdf:ID="_70393a5c-9562-11e7-9e89-b46d83638f70">
    <cim:SvTapStep.TapChanger rdf:resource="#_70393a5b-9562-11e7-9e89-b46d83638f70" />
    <cim:SvTapStep.position>17</cim:SvTapStep.position>
  </cim:SvTapStep>
  <cim:SvTapStep rdf:ID="_70393a65-9562-11e7-9e89-b46d83638f70">
    <cim:SvTapStep.TapChanger rdf:resource="#_70393a64-9562-11e7-9e89-b46d83638f70" />
    <cim:SvTapStep.position>17</cim:SvTapStep.position>
  </cim:SvTapStep>
  <cim:SvVoltage rdf:ID="_7039395f-9562-11e7-9e89-b46d83638f70">
    <cim:SvVoltage.TopologicalNode rdf:resource="#_70393955-9562-11e7-9e89-b46d83638f70" />
    <cim:SvVoltage.angle>13.6627</cim:SvVoltage.angle>
    <cim:SvVoltage.v>17.136735</cim:SvVoltage.v>
  </cim:SvVoltage>
  <cim:SvVoltage rdf:ID="_70393978-9562-11e7-9e89-b46d83638f70">
    <cim:SvVoltage.TopologicalNode rdf:resource="#_70393970-9562-11e7-9e89-b46d83638f70" />
    <cim:SvVoltage.angle>22.8822</cim:SvVoltage.angle>
    <cim:SvVoltage.v>18.49914</cim:SvVoltage.v>
  </cim:SvVoltage>
  <cim:SvVoltage rdf:ID="_70393986-9562-11e7-9e89-b46d83638f70">
    <cim:SvVoltage.TopologicalNode rdf:resource="#_70393982-9562-11e7-9e89-b46d83638f70" />
    <cim:SvVoltage.angle>18.3354</cim:SvVoltage.angle>
    <cim:SvVoltage.v>14.11809</cim:SvVoltage.v>
  </cim:SvVoltage>
  <cim:SvVoltage rdf:ID="_70393993-9562-11e7-9e89-b46d83638f70">
    <cim:SvVoltage.TopologicalNode rdf:resource="#_70393990-9562-11e7-9e89-b46d83638f70" />
    <cim:SvVoltage.angle>11.4481</cim:SvVoltage.angle>
    <cim:SvVoltage.v>235.7431</cim:SvVoltage.v>
  </cim:SvVoltage>
  <cim:SvVoltage rdf:ID="_703939a1-9562-11e7-9e89-b46d83638f70">
    <cim:SvVoltage.TopologicalNode rdf:resource="#_7039399d-9562-11e7-9e89-b46d83638f70" />
    <cim:SvVoltage.angle>9.6773</cim:SvVoltage.angle>
    <cim:SvVoltage.v>229.0225</cim:SvVoltage.v>
  </cim:SvVoltage>
  <cim:SvVoltage rdf:ID="_703939ae-9562-11e7-9e89-b46d83638f70">
    <cim:SvVoltage.TopologicalNode rdf:resource="#_703939ab-9562-11e7-9e89-b46d83638f70" />
    <cim:SvVoltage.angle>9.9774</cim:SvVoltage.angle>
    <cim:SvVoltage.v>232.7163</cim:SvVoltage.v>
  </cim:SvVoltage>
  <cim:SvVoltage rdf:ID="_703939ba-9562-11e7-9e89-b46d83638f70">
    <cim:SvVoltage.TopologicalNode rdf:resource="#_703939b8-9562-11e7-9e89-b46d83638f70" />
    <cim:SvVoltage.angle>17.3538</cim:SvVoltage.angle>
    <cim:SvVoltage.v>236.2606</cim:SvVoltage.v>
  </cim:SvVoltage>
  <cim:SvVoltage rdf:ID="_703939c7-9562-11e7-9e89-b46d83638f70">
    <cim:SvVoltage.TopologicalNode rdf:resource="#_703939c4-9562-11e7-9e89-b46d83638f70" />
    <cim:SvVoltage.angle>14.3823</cim:SvVoltage.angle>
    <cim:SvVoltage.v>233.7697</cim:SvVoltage.v>
  </cim:SvVoltage>
  <cim:SvVoltage rdf:ID="_703939d3-9562-11e7-9e89-b46d83638f70">
    <cim:SvVoltage.TopologicalNode rdf:resource="#_703939d1-9562-11e7-9e89-b46d83638f70" />
    <cim:SvVoltage.angle>15.633</cim:SvVoltage.angle>
    <cim:SvVoltage.v>237.2059</cim:SvVoltage.v>
  </cim:SvVoltage>
  <cim:TopologicalIsland rdf:ID="_7039395e-9562-11e7-9e89-b46d83638f70">
    <cim:IdentifiedObject.name>System</cim:IdentifiedObject.name>
    <cim:TopologicalIsland.TopologicalNodes rdf:resource="#_70393955-9562-11e7-9e89-b46d83638f70" />
    <cim:TopologicalIsland.TopologicalNodes rdf:resource="#_70393970-9562-11e7-9e89-b46d83638f70" />
    <cim:TopologicalIsland.TopologicalNodes rdf:resource="#_70393982-9562-11e7-9e89-b46d83638f70" />
    <cim:TopologicalIsland.TopologicalNodes rdf:resource="#_70393990-9562-11e7-9e89-b46d83638f70" />
    <cim:TopologicalIsland.TopologicalNodes rdf:resource="#_7039399d-9562-11e7-9e89-b46d83638f70" />
    <cim:TopologicalIsland.TopologicalNodes rdf:resource="#_703939ab-9562-11e7-9e89-b46d83638f70" />
    <cim:TopologicalIsland.TopologicalNodes rdf:resource="#_703939b8-9562-11e7-9e89-b46d83638f70" />
    <cim:TopologicalIsland.TopologicalNodes rdf:resource="#_703939c4-9562-11e7-9e89-b46d83638f70" />
    <cim:TopologicalIsland.TopologicalNodes rdf:resource="#_703939d1-9562-11e7-9e89-b46d83638f70" />
  </cim:TopologicalIsland>
</rdf:RDF>